time_s,x_ball_m,charge_C,current_A,voltage_V,power_W,energy_J,voc_estimate_V,signed_coupling,abs_coupling
0.000000000000e+00,-1.600000000000e-02,-7.239214706317e-13,-1.477064577873e-10,-1.477064577873e-02,2.181719767207e-12,0.000000000000e+00,-3.038391284788e-01,7.920489931104e-06,7.920489931104e-06
2.300000000000e-03,-1.577000000000e-02,-1.063646323542e-12,-1.796417416694e-10,-1.796417416694e-02,3.227115535002e-12,6.220160597540e-15,-4.464260076066e-01,1.163745010702e-05,1.163745010702e-05
4.600000000000e-03,-1.554000000000e-02,-1.550273482311e-12,-2.560472344164e-10,-2.560472344164e-02,6.556018625228e-12,1.747076488180e-14,-6.506696691260e-01,1.696168162603e-05,1.696168162603e-05
6.900000000000e-03,-1.531000000000e-02,-2.241463601858e-12,-3.618870904543e-10,-3.618870904543e-02,1.309622662374e-11,4.007084691812e-14,-9.407710296410e-01,2.452405490054e-05,2.452405490054e-05
9.200000000000e-03,-1.508000000000e-02,-3.214954098400e-12,-5.071859443318e-10,-5.071859443318e-02,2.572375821277e-11,8.471382948011e-14,-1.349357480038e+00,3.517510199431e-05,3.517510199431e-05
1.150000000000e-02,-1.485000000000e-02,-4.574518945784e-12,-7.048610950730e-10,-7.048610950730e-02,4.968291633476e-11,1.714315052098e-13,-1.919984288467e+00,5.005022329026e-05,5.005022329026e-05
1.380000000000e-02,-1.462000000000e-02,-6.457315135736e-12,-9.713670090128e-10,-9.713670090128e-02,9.435538661984e-11,3.370755536076e-13,-2.710218003954e+00,7.065006577293e-05,7.065006577293e-05
1.610000000000e-02,-1.439000000000e-02,-9.042807187243e-12,-1.327419213700e-09,-1.327419213700e-01,1.762041768900e-10,6.482190516438e-13,-3.795382187485e+00,9.893816688843e-05,9.893816688843e-05
1.840000000000e-02,-1.416000000000e-02,-1.256344351876e-11,-1.798785933642e-09,-1.798785933642e-01,3.235630835068e-10,1.222951401100e-12,-5.273038422386e+00,1.374577656931e-04,1.374577656931e-04
2.070000000000e-02,-1.393000000000e-02,-1.731722248200e-11,-2.417126917435e-09,-2.417126917435e-01,5.842502534991e-10,2.266936738657e-12,-7.268260439922e+00,1.894692889598e-04,1.894692889598e-04
2.300000000000e-02,-1.370000000000e-02,-2.368222733896e-11,-3.220848349275e-09,-3.220848349275e-01,1.037386408903e-09,4.131818900419e-12,-9.939734635618e+00,2.591093796689e-04,2.591093796689e-04
2.530000000000e-02,-1.347000000000e-02,-3.213312488866e-11,-4.255930861625e-09,-4.255930861625e-01,1.811294749893e-09,7.407802233035e-12,-1.348668475456e+01,3.515714099673e-04,3.515714099673e-04
2.760000000000e-02,-1.324000000000e-02,-4.325950930243e-11,-5.576675057806e-09,-5.576675057806e-01,3.109930470035e-09,1.306721123595e-11,-1.815657103443e+01,4.733061827210e-04,4.733061827210e-04
2.990000000000e-02,-1.301000000000e-02,-5.778583015457e-11,-7.246296479789e-09,-7.246296479789e-01,5.250881267300e-09,2.268214473389e-11,-2.425345425556e+01,6.322399658907e-04,6.322399658907e-04
3.220000000000e-02,-1.278000000000e-02,-7.659247310946e-11,-9.337290764927e-09,-9.337290764927e-01,8.718499882878e-09,3.874693305659e-11,-3.214684357587e+01,8.380051382266e-04,8.380051382266e-04
3.450000000000e-02,-1.255000000000e-02,-1.007373676732e-10,-1.193148122411e-08,-1.193148122411e+00,1.423602442013e-08,6.514463600505e-11,-4.228076558134e+01,1.102176601622e-03,1.102176601622e-03
3.680000000000e-02,-1.232000000000e-02,-1.314772867404e-10,-1.511965682315e-08,-1.511965682315e+00,2.286040224499e-08,1.078055266699e-10,-5.518270397905e+01,1.438504821369e-03,1.438504821369e-03
3.910000000000e-02,-1.209000000000e-02,-1.702877890597e-10,-1.900071020717e-08,-1.900071020717e+00,3.610269883768e-08,1.756130929150e-10,-7.147196970597e+01,1.863134018474e-03,1.863134018474e-03
4.140000000000e-02,-1.186000000000e-02,-2.188805536933e-10,-2.368019453430e-08,-2.368019453430e+00,5.607516131823e-08,2.816176320943e-10,-9.186697642371e+01,2.394791827531e-03,2.394791827531e-03
4.370000000000e-02,-1.163000000000e-02,-2.792166839175e-10,-2.926823575756e-08,-2.926823575756e+00,8.566296243603e-08,4.446164744117e-10,-1.171908243365e+02,3.054934855897e-03,3.054934855897e-03
4.600000000000e-02,-1.140000000000e-02,-3.535144381781e-10,-3.587676438941e-08,-3.587676438941e+00,1.287142223053e-07,6.911502368642e-10,-1.483745449724e+02,3.867833268775e-03,3.867833268775e-03
4.830000000000e-02,-1.117000000000e-02,-4.442498001088e-10,-4.361606775975e-08,-4.361606775975e+00,1.902361366823e-07,1.057943149700e-09,-1.864573404269e+02,4.860577025829e-03,4.860577025829e-03
5.060000000000e-02,-1.094000000000e-02,-5.541483498730e-10,-5.259070947440e-08,-5.259070947440e+00,2.765782723021e-07,1.594779720032e-09,-2.325831716615e+02,6.062986944809e-03,6.062986944809e-03
5.290000000000e-02,-1.071000000000e-02,-6.861670636910e-10,-6.289491527740e-08,-6.289491527740e+00,3.955770367752e-07,2.367758325471e-09,-2.879931195311e+02,7.507415568539e-03,7.507415568539e-03
5.520000000000e-02,-1.048000000000e-02,-8.434649601490e-10,-7.460758078285e-08,-7.460758078285e+00,5.566291110270e-07,3.462795395443e-09,-3.540130646635e+02,9.228426003542e-03,9.228426003542e-03
5.750000000000e-02,-1.025000000000e-02,-1.029361935292e-09,-8.778711248077e-08,-8.778711248077e+00,7.706577117711e-07,4.989175241661e-09,-4.320364100204e+02,1.126234153109e-02,1.126234153109e-02
5.980000000000e-02,-1.002000000000e-02,-1.247285677561e-09,-1.024663640877e-07,-1.024663640877e+01,1.049935576935e-06,7.082857523674e-09,-5.235018004140e+02,1.364666479875e-02,1.364666479875e-02
6.210000000000e-02,-9.790000000000e-03,-1.500707210096e-09,-1.186479702379e-07,-1.186479702379e+01,1.407734084157e-06,9.909177633930e-09,-6.298660687870e+02,1.641937258295e-02,1.641937258295e-02
6.440000000000e-02,-9.560000000000e-03,-1.793066340655e-09,-1.363004031745e-07,-1.363004031745e+01,1.857779990554e-06,1.366451881985e-08,-7.525729465847e+02,1.961810012979e-02,1.961810012979e-02
6.670000000000e-02,-9.330000000000e-03,-2.127689064698e-09,-1.553550805099e-07,-1.553550805099e+01,2.413520104022e-06,1.857651392861e-08,-8.930183967713e+02,2.327923745480e-02,2.327923745480e-02
6.900000000000e-02,-9.100000000000e-03,-2.507699711000e-09,-1.757048294336e-07,-1.757048294336e+01,3.087218708628e-06,2.490236356316e-08,-1.052513740215e+03,2.743696812014e-02,2.743696812014e-02
7.130000000000e-02,-8.870000000000e-03,-2.935931280093e-09,-1.972039628892e-07,-1.972039628892e+01,3.888940297920e-06,3.292494642069e-08,-1.232248023586e+03,3.212228823950e-02,3.212228823950e-02
7.360000000000e-02,-8.640000000000e-03,-3.414837940290e-09,-2.196701464194e-07,-2.196701464194e+01,4.825497322791e-06,4.294654968451e-08,-1.433251292808e+03,3.736204908914e-02,3.736204908914e-02
7.590000000000e-02,-8.410000000000e-03,-3.946413953622e-09,-2.428881334698e-07,-2.428881334698e+01,5.899464538044e-06,5.528025582447e-08,-1.656360565240e+03,4.317807006934e-02,4.317807006934e-02
7.820000000000e-02,-8.180000000000e-03,-4.532123354251e-09,-2.666153275450e-07,-2.666153275450e+01,7.108373288194e-06,7.023926932464e-08,-1.902190314804e+03,4.958636930957e-02,4.958636930957e-02
8.050000000000e-02,-7.950000000000e-03,-5.172844460329e-09,-2.905889999150e-07,-2.905889999150e+01,8.444196687157e-06,8.812472479629e-08,-2.171109182894e+03,5.659655656774e-02,5.659655656774e-02
8.280000000000e-02,-7.720000000000e-03,-5.868832753860e-09,-3.145348618170e-07,-3.145348618170e+01,9.893217929822e-06,1.092127516058e-07,-2.463224398587e+03,6.421142709543e-02,6.421142709543e-02
8.510000000000e-02,-7.490000000000e-03,-6.619704824687e-09,-3.381765717786e-07,-3.381765717786e+01,1.143633936999e-05,1.337417425006e-07,-2.778375039719e+03,7.242678596764e-02,7.242678596764e-02
8.740000000000e-02,-7.260000000000e-03,-7.424444984042e-09,-3.612456634819e-07,-3.612456634819e+01,1.304984293845e-05,1.619008521553e-07,-3.116134808685e+03,8.123152044216e-02,8.123152044216e-02
8.970000000000e-02,-7.030000000000e-03,-8.281434876704e-09,-3.834913181584e-07,-3.834913181584e+01,1.470655911029e-05,1.938207145114e-07,-3.475824461037e+03,9.060792394898e-02,9.060792394898e-02
9.200000000000e-02,-6.800000000000e-03,-9.188505047571e-09,-4.046893862319e-07,-4.046893862319e+01,1.637734993288e-05,2.295672099110e-07,-3.856533448636e+03,1.005322602846e-01,1.005322602846e-01
9.430000000000e-02,-6.570000000000e-03,-1.014300605337e-08,-4.246500908180e-07,-4.246500908180e+01,1.803276996317e-05,2.691388477914e-07,-4.257149766151e+03,1.109755416520e-01,1.109755416520e-01
9.660000000000e-02,-6.340000000000e-03,-1.114189546533e-08,-4.432239215088e-07,-4.432239215088e+01,1.964474445977e-05,3.124679893778e-07,-4.676396467195e+03,1.219044805641e-01,1.219044805641e-01
9.890000000000e-02,-6.110000000000e-03,-1.218183609231e-08,-4.603053466832e-07,-4.603053466832e+01,2.118810121852e-05,3.594257619079e-07,-5.112872889831e+03,1.332825645126e-01,1.332825645126e-01
1.012000000000e-01,-5.880000000000e-03,-1.325930006008e-08,-4.758341278076e-07,-4.758341278076e+01,2.264181171864e-05,4.098301617856e-07,-5.565098339985e+03,1.450711947080e-01,1.450711947080e-01
1.035000000000e-01,-5.650000000000e-03,-1.437067308023e-08,-4.897941971734e-07,-4.897941971734e+01,2.398983555847e-05,4.634565561543e-07,-6.031555854448e+03,1.572308268959e-01,1.572308268959e-01
1.058000000000e-01,-5.420000000000e-03,-1.551235336707e-08,-5.022102455867e-07,-5.022102455867e+01,2.522151307723e-05,5.200496070853e-07,-6.510733717559e+03,1.697220536151e-01,1.697220536151e-01
1.081000000000e-01,-5.190000000000e-03,-1.668084020993e-08,-5.131423415478e-07,-5.131423415478e+01,2.633150626892e-05,5.793355793334e-07,-7.001162636128e+03,1.825065732748e-01,1.825065732748e-01
1.104000000000e-01,-4.960000000000e-03,-1.787280813819e-08,-5.226790515567e-07,-5.226790515567e+01,2.731933909362e-05,6.410340515003e-07,-7.501446867488e+03,1.955480016024e-01,1.955480016024e-01
1.127000000000e-01,-4.730000000000e-03,-1.908516384709e-08,-5.309296376268e-07,-5.309296376268e+01,2.818862801105e-05,7.048682136707e-07,-8.010288111932e+03,2.088124944718e-01,2.088124944718e-01
1.150000000000e-01,-4.500000000000e-03,-2.031508447128e-08,-5.380159619739e-07,-5.380159619739e+01,2.894611753387e-05,7.705731710473e-07,-8.526501576669e+03,2.222691666596e-01,2.222691666596e-01
1.173000000000e-01,-4.270000000000e-03,-2.156003727217e-08,-5.440647244588e-07,-5.440647244588e+01,2.960064244004e-05,8.379019450173e-07,-9.049024238815e+03,2.358903072448e-01,2.358903072448e-01
1.196000000000e-01,-4.040000000000e-03,-2.281778220379e-08,-5.492005959725e-07,-5.492005959725e+01,3.016212946166e-05,9.066291327043e-07,-9.576915922341e+03,2.496514076831e-01,2.496514076831e-01
1.219000000000e-01,-3.810000000000e-03,-2.408636001364e-08,-5.535406969813e-07,-5.535406969813e+01,3.064073032146e-05,9.765524214549e-07,-1.010935430384e+04,2.635310316166e-01,2.635310316166e-01
1.242000000000e-01,-3.580000000000e-03,-2.536406940990e-08,-5.571907168842e-07,-5.571907168842e+01,3.104614949819e-05,1.047492333247e-06,-1.064562532930e+04,2.775105650585e-01,2.775105650585e-01
1.265000000000e-01,-3.350000000000e-03,-2.664943731131e-08,-5.602427930299e-07,-5.602427930299e+01,3.138719871420e-05,1.119290683692e-06,-1.118511072762e+04,2.915738908940e-01,2.915738908941e-01
1.288000000000e-01,-3.120000000000e-03,-2.794118625784e-08,-5.627750870984e-07,-5.627750870984e+01,3.167157986586e-05,1.191808279059e-06,-1.172727433245e+04,3.057070323183e-01,3.057070323184e-01
1.311000000000e-01,-2.890000000000e-03,-2.923820271196e-08,-5.648528304405e-07,-5.648528304405e+01,3.190587200567e-05,1.264922348711e-06,-1.227164877778e+04,3.198978060170e-01,3.198978060172e-01
1.334000000000e-01,-2.660000000000e-03,-3.053950927787e-08,-5.665304764881e-07,-5.665304764881e+01,3.209567807899e-05,1.338524131308e-06,-1.281782383807e+04,3.341355182146e-01,3.341355182150e-01
1.357000000000e-01,-2.430000000000e-03,-3.184424290380e-08,-5.678545112642e-07,-5.678545112642e+01,3.224587459631e-05,1.412516916885e-06,-1.336543727943e+04,3.484107261843e-01,3.484107261851e-01
1.380000000000e-01,-2.200000000000e-03,-3.315164002968e-08,-5.688664406907e-07,-5.688664406907e+01,3.236090273441e-05,1.486814710815e-06,-1.391416862587e+04,3.627150757465e-01,3.627150757480e-01
1.403000000000e-01,-1.970000000000e-03,-3.446102853098e-08,-5.696054977142e-07,-5.696054977142e+01,3.244504230262e-05,1.561341547608e-06,-1.446373577814e+04,3.770412131263e-01,3.770412131291e-01
1.426000000000e-01,-1.740000000000e-03,-3.577182531917e-08,-5.701106885181e-07,-5.701106885181e+01,3.250261971626e-05,1.636031358930e-06,-1.501389400647e+04,3.913827586996e-01,3.913827587049e-01
1.449000000000e-01,-1.510000000000e-03,-3.708353769817e-08,-5.704219144529e-07,-5.704219144529e+01,3.253811604881e-05,1.710828205059e-06,-1.556443652001e+04,4.057343218343e-01,4.057343218443e-01
1.472000000000e-01,-1.280000000000e-03,-3.839576612565e-08,-5.705800492453e-07,-5.705800492453e+01,3.255615925967e-05,1.785686621664e-06,-1.611519562573e+04,4.200915311019e-01,4.200915311205e-01
1.495000000000e-01,-1.050000000000e-03,-3.970820592469e-08,-5.706260011610e-07,-5.706260011610e+01,3.256140332010e-05,1.860571818631e-06,-1.666604344679e+04,4.344510530048e-01,4.344510530389e-01
1.518000000000e-01,-8.200000000000e-04,-4.102064573099e-08,-5.705989281344e-07,-5.705989281344e+01,3.255831367882e-05,1.935459493180e-06,-1.721689127091e+04,4.488105749871e-01,4.488105750492e-01
1.541000000000e-01,-5.900000000000e-04,-4.233296099411e-08,-5.705338832735e-07,-5.705338832735e+01,3.255089119631e-05,2.010335078786e-06,-1.776768682265e+04,4.631687343312e-01,4.631687344435e-01
1.564000000000e-01,-3.600000000000e-04,-4.364510159405e-08,-5.704592353143e-07,-5.704592353143e+01,3.254237391554e-05,2.085192333665e-06,-1.831840906602e+04,4.775249826698e-01,4.775249828710e-01
1.587000000000e-01,-1.300000000000e-04,-4.495707347656e-08,-5.703942258102e-07,-5.703942258102e+01,3.253495728376e-05,2.160031264544e-06,-1.886906049651e+04,4.918793850558e-01,4.918793854134e-01
1.610000000000e-01,1.000000000000e-04,-4.626891503277e-08,-5.703469908545e-07,-5.703469908545e+01,3.252956899767e-05,2.234855469768e-06,-1.941965722739e+04,5.062323615301e-01,5.062323621607e-01
1.633000000000e-01,3.300000000000e-04,-4.758066963449e-08,-5.703132953618e-07,-5.703132953618e+01,3.252572548665e-05,2.309669058425e-06,-1.997021746235e+04,5.205843866273e-01,5.205843877301e-01
1.656000000000e-01,5.600000000000e-04,-4.889235619144e-08,-5.702761137116e-07,-5.702761137116e+01,3.252148458700e-05,2.384473350009e-06,-2.052074913805e+04,5.349356672407e-01,5.349356691532e-01
1.679000000000e-01,7.900000000000e-04,-5.020393975756e-08,-5.702060577455e-07,-5.702060577455e+01,3.251349482897e-05,2.459263576338e-06,-2.107123758718e+04,5.492858210222e-01,5.492858243118e-01
1.702000000000e-01,1.020000000000e-03,-5.151530405707e-08,-5.700625200486e-07,-5.700625200486e+01,3.249712767642e-05,2.534025792219e-06,-2.162163400729e+04,5.636335757879e-01,5.636335813998e-01
1.725000000000e-01,1.250000000000e-03,-5.282622734979e-08,-5.697952856430e-07,-5.697952856430e+01,3.246666675409e-05,2.608734155814e-06,-2.217184533120e+04,5.779765054587e-01,5.779765149538e-01
1.748000000000e-01,1.480000000000e-03,-5.413636237103e-08,-5.693462849949e-07,-5.693462849949e+01,3.241551922375e-05,2.683348669688e-06,-2.272172580746e+04,5.923108105803e-01,5.923108265140e-01
1.771000000000e-01,1.710000000000e-03,-5.544522026076e-08,-5.686511276203e-07,-5.686511276203e+01,3.233641049439e-05,2.757813388864e-06,-2.327107025524e+04,6.066311424912e-01,6.066311690107e-01
1.794000000000e-01,1.940000000000e-03,-5.675215755808e-08,-5.676400747414e-07,-5.676400747414e+01,3.222152544524e-05,2.832055015195e-06,-2.381960860574e+04,6.209304610277e-01,6.209305048046e-01
1.817000000000e-01,2.170000000000e-03,-5.805636460457e-08,-5.662381809032e-07,-5.662381809032e+01,3.206256775125e-05,2.905981722371e-06,-2.436700103494e+04,6.351999076444e-01,6.351999793184e-01
1.840000000000e-01,2.400000000000e-03,-5.935685319023e-08,-5.643644509641e-07,-5.643644509641e+01,3.185072335120e-05,2.979482007139e-06,-2.491283277843e+04,6.494286702466e-01,6.494287866374e-01
1.863000000000e-01,2.630000000000e-03,-6.065244107901e-08,-5.619300073000e-07,-5.619300073000e+01,3.157653331041e-05,3.052423352300e-06,-2.545660763657e+04,6.636038138833e-01,6.636040013476e-01
1.886000000000e-01,2.860000000000e-03,-6.194173122381e-08,-5.588354248635e-07,-5.588354248635e+01,3.122970320824e-05,3.124650524296e-06,-2.599773925076e+04,6.777100533367e-01,6.777103528153e-01
1.909000000000e-01,3.090000000000e-03,-6.322308403338e-08,-5.549675490661e-07,-5.549675490661e+01,3.079889805164e-05,3.195983415745e-06,-2.653553946353e+04,6.917294496913e-01,6.917299242217e-01
1.932000000000e-01,3.320000000000e-03,-6.449458194952e-08,-5.501962434094e-07,-5.501962434094e+01,3.027159062618e-05,3.266214477724e-06,-2.706920345109e+04,7.056410227703e-01,7.056417685618e-01
1.955000000000e-01,3.550000000000e-03,-6.575398675306e-08,-5.443716028781e-07,-5.443716028781e+01,2.963404420201e-05,3.335105957777e-06,-2.759779180416e+04,7.194202840166e-01,7.194214466167e-01
1.978000000000e-01,3.780000000000e-03,-6.699869132276e-08,-5.373222021630e-07,-5.373222021630e+01,2.887151489373e-05,3.402387350737e-06,-2.812021028049e+04,7.330387086820e-01,7.330405063411e-01
2.001000000000e-01,4.010000000000e-03,-6.822566888301e-08,-5.288549176277e-07,-5.288549176277e+01,2.796875238990e-05,3.467753658113e-06,-2.863518850354e+04,7.464631805425e-01,7.464659376465e-01
2.024000000000e-01,4.240000000000e-03,-6.943142394384e-08,-5.187567681748e-07,-5.187567681748e+01,2.691085845272e-05,3.530865210582e-06,-2.914125937131e+04,7.596554551277e-01,7.596596495563e-01
2.047000000000e-01,4.470000000000e-03,-7.061195001662e-08,-5.067990693002e-07,-5.067990693002e+01,2.568452966435e-05,3.591349906917e-06,-2.963674130913e+04,7.725716970851e-01,7.725780266170e-01
2.070000000000e-01,4.700000000000e-03,-7.176269966263e-08,-4.927439993822e-07,-4.927439993822e+01,2.427966489271e-05,3.648808730657e-06,-3.011972569863e+04,7.851621524786e-01,7.851716269518e-01
2.093000000000e-01,4.930000000000e-03,-7.287857241377e-08,-4.763534552613e-07,-4.763534552613e+01,2.269126143394e-05,3.702825295933e-06,-3.058807180792e+04,7.973710166282e-01,7.973850845220e-01
2.116000000000e-01,5.160000000000e-03,-7.395392555683e-08,-4.573998461087e-07,-4.573998461087e+01,2.092146192202e-05,3.752979927792e-06,-3.103941131787e+04,8.091365521006e-01,8.091572725804e-01
2.139000000000e-01,5.390000000000e-03,-7.498261170587e-08,-4.356782621349e-07,-4.356782621349e+01,1.898155480969e-05,3.798868397034e-06,-3.147116409173e+04,8.203914997935e-01,8.204217740696e-01
2.162000000000e-01,5.620000000000e-03,-7.595804556265e-08,-4.110192783510e-07,-4.110192783510e+01,1.689368471762e-05,3.840124922490e-06,-3.188056619535e+04,8.310638093664e-01,8.311076884803e-01
2.185000000000e-01,5.850000000000e-03,-7.687330038629e-08,-3.833015307237e-07,-3.833015307237e+01,1.469200634551e-05,3.876448467213e-06,-3.226471038672e+04,8.410776947243e-01,8.411407845520e-01
2.208000000000e-01,6.080000000000e-03,-7.772123260398e-08,-3.524631453515e-07,-3.524631453515e+01,1.242302688311e-05,3.907630755426e-06,-3.262059841668e+04,8.503549973945e-01,8.504449856769e-01
2.231000000000e-01,6.310000000000e-03,-7.849463085491e-08,-3.185111176173e-07,-3.185111176173e+01,1.014493320458e-05,3.933583909526e-06,-3.294520358459e+04,8.588168172295e-01,8.589441516730e-01
2.254000000000e-01,6.540000000000e-03,-7.918638374502e-08,-2.815278282754e-07,-2.815278282754e+01,7.925791809348e-06,3.954365243292e-06,-3.323554114713e+04,8.663853478274e-01,8.665640985545e-01
2.277000000000e-01,6.770000000000e-03,-7.978965886497e-08,-2.416740415794e-07,-2.416740415794e+01,5.840634237334e-06,3.970196633246e-06,-3.348874345445e+04,8.729858351829e-01,8.732347787745e-01
2.300000000000e-01,7.000000000000e-03,-8.029808433628e-08,-1.991879457287e-07,-1.991879457287e+01,3.967583772364e-06,3.981476083957e-06,-3.370213614739e+04,8.785485640003e-01,8.788925296722e-01
2.323000000000e-01,7.230000000000e-03,-8.070592341533e-08,-1.543800524988e-07,-1.543800524988e+01,2.383320060952e-06,3.988779623366e-06,-3.387331144107e+04,8.830107680516e-01,8.834822886903e-01
2.346000000000e-01,7.460000000000e-03,-8.100823257778e-08,-1.076240520903e-07,-1.076240520903e+01,1.158293658833e-06,3.992852479143e-06,-3.400019447491e+04,8.863183597925e-01,8.869596710872e-01
2.369000000000e-01,7.690000000000e-03,-8.120099405494e-08,-5.934400048422e-08,-5.934400048422e+00,3.521710393471e-07,3.994589513546e-06,-3.408109893983e+04,8.884273804541e-01,8.892928095923e-01
2.392000000000e-01,7.920000000000e-03,-8.128121498000e-08,-9.998479240358e-09,-9.998479240358e-01,9.996958711988e-09,3.995006006744e-06,-3.411476869124e+04,8.893050848116e-01,8.904638655086e-01
2.415000000000e-01,8.150000000000e-03,-8.124698705945e-08,3.993740764531e-08,3.993740764531e+00,1.594996529428e-07,3.995200927847e-06,-3.410040279387e+04,8.889305940538e-01,8.904701364436e-01
2.438000000000e-01,8.380000000000e-03,-8.109750290483e-08,8.999116529310e-08,8.999116529310e+00,8.098409830810e-07,3.996315669579e-06,-3.403766237643e+04,8.872950744712e-01,8.893247060302e-01
2.461000000000e-01,8.610000000000e-03,-8.083302769910e-08,1.397120312947e-07,1.397120312947e+01,1.951945168850e-06,3.999491723654e-06,-3.392665873961e+04,8.844014274542e-01,8.870566042747e-01
2.484000000000e-01,8.840000000000e-03,-8.045482756088e-08,1.886889285725e-07,1.886889285725e+01,3.560351176583e-06,4.005830864451e-06,-3.376792328963e+04,8.802635057206e-01,8.837104719101e-01
2.507000000000e-01,9.070000000000e-03,-7.996505862766e-08,2.365661395562e-07,2.365661395562e+01,5.596353838454e-06,4.016361075218e-06,-3.356236098507e+04,8.749048997648e-01,8.793457466694e-01
2.530000000000e-01,9.300000000000e-03,-7.936662331892e-08,2.830557254039e-07,2.830557254039e+01,8.012054368394e-06,4.032010744656e-06,-3.331119000861e+04,8.683573652191e-01,8.740354120881e-01
2.553000000000e-01,9.530000000000e-03,-7.866300229081e-08,3.279459162808e-07,3.279459162808e+01,1.075485240052e-05,4.053592687440e-06,-3.301587123629e+04,8.606589842557e-01,8.678643688599e-01
2.576000000000e-01,9.760000000000e-03,-7.785807210403e-08,3.711049588487e-07,3.711049588487e+01,1.377188904821e-05,4.081798440106e-06,-3.267803171038e+04,8.518521706740e-01,8.609275037461e-01
2.599000000000e-01,9.990000000000e-03,-7.695591948010e-08,4.124802080886e-07,4.124802080886e+01,1.701399220648e-05,4.117202203549e-06,-3.229938668032e+04,8.419816376618e-01,8.533275407946e-01
2.622000000000e-01,1.022000000000e-02,-7.596066314682e-08,4.520925718548e-07,4.520925718548e+01,2.043876935263e-05,4.160272879342e-06,-3.188166482901e+04,8.310924485903e-01,8.451727637996e-01
2.645000000000e-01,1.045000000000e-02,-7.487629364957e-08,4.900267353616e-07,4.900267353616e+01,2.401262013691e-05,4.211391977255e-06,-3.142654103953e+04,8.192282643756e-01,8.365746976255e-01
2.668000000000e-01,1.068000000000e-02,-7.370654016416e-08,5.264178856050e-07,5.264178856050e+01,2.771157902848e-05,4.270874806295e-06,-3.093558049483e+04,8.064298862656e-01,8.276458297319e-01
2.691000000000e-01,1.091000000000e-02,-7.245477137579e-08,5.614359000286e-07,5.614359000286e+01,3.152102698409e-05,4.338992303210e-06,-3.041019707530e+04,7.927341713482e-01,8.184974428831e-01
2.714000000000e-01,1.114000000000e-02,-7.112393502403e-08,5.952681398194e-07,5.952681398194e+01,3.543441582840e-05,4.415991062444e-06,-2.985162798504e+04,7.781733711072e-01,8.092376167648e-01
2.737000000000e-01,1.137000000000e-02,-6.971653793262e-08,6.281020809035e-07,6.281020809035e+01,3.945122240353e-05,4.502109546411e-06,-2.926092537015e+04,7.627749129266e-01,7.999694414178e-01
2.760000000000e-01,1.160000000000e-02,-6.823466545187e-08,6.601090158727e-07,6.601090158727e+01,4.357439128365e-05,4.597589002151e-06,-2.863896447890e+04,7.465616128117e-01,7.907894704135e-01
2.783000000000e-01,1.183000000000e-02,-6.668003645960e-08,6.914299657615e-07,6.914299657615e+01,4.780753975529e-05,4.702678222846e-06,-2.798646674637e+04,7.295522771594e-01,7.817864278153e-01
2.806000000000e-01,1.206000000000e-02,-6.505408760937e-08,7.221647576201e-07,7.221647576201e+01,5.215219371485e-05,4.817631916337e-06,-2.730403515448e+04,7.117626245255e-01,7.730401712485e-01
2.829000000000e-01,1.229000000000e-02,-6.335807857455e-08,7.523649656517e-07,7.523649656517e+01,5.660530415400e-05,4.942703038886e-06,-2.659219840432e+04,6.932064371098e-01,7.646209045503e-01
2.852000000000e-01,1.252000000000e-02,-6.159320876737e-08,7.820311006237e-07,7.820311006237e+01,6.115726423427e-05,5.078129992532e-06,-2.585145990457e+04,6.738968377891e-01,7.565886278217e-01
2.875000000000e-01,1.275000000000e-02,-5.976073551168e-08,8.111140900045e-07,8.111140900045e+01,6.579060670038e-05,5.224120044107e-06,-2.508234737019e+04,6.538475830571e-01,7.489928101419e-01
2.898000000000e-01,1.298000000000e-02,-5.786208395335e-08,8.395207486918e-07,8.395207486918e+01,7.047950874840e-05,5.380830676873e-06,-2.428545895318e+04,6.330742655627e-01,7.418722702507e-01
2.921000000000e-01,1.321000000000e-02,-5.589894006770e-08,8.671226268565e-07,8.671226268565e+01,7.519016500064e-05,5.548350801685e-06,-2.346150227902e+04,6.115953317136e-01,7.352552523467e-01
2.944000000000e-01,1.344000000000e-02,-5.387331986981e-08,8.937673647581e-07,8.937673647581e+01,7.988201023067e-05,5.726683803201e-06,-2.261132349510e+04,5.894328389123e-01,7.291596867883e-01
2.967000000000e-01,1.367000000000e-02,-5.178761018981e-08,9.192915070467e-07,9.192915070467e+01,8.450968749283e-05,5.915734255583e-06,-2.173592438465e+04,5.666129016818e-01,7.235936278559e-01
2.990000000000e-01,1.390000000000e-02,-4.964457893739e-08,9.435336465599e-07,9.435336465599e+01,8.902557421906e-05,6.115299806551e-06,-2.083646667486e+04,5.431658039710e-01,7.185558618867e-01
3.013000000000e-01,1.413000000000e-02,-4.744735541564e-08,9.663467866477e-07,9.663467866477e+01,9.338261120643e-05,6.325069219791e-06,-1.991426377440e+04,5.191257837665e-01,7.140366782993e-01
3.036000000000e-01,1.436000000000e-02,-4.519938371882e-08,9.876089286172e-07,9.876089286172e+01,9.753713958844e-05,6.544626933205e-06,-1.897076121381e+04,4.945305232135e-01,7.100187929149e-01
3.059000000000e-01,1.459000000000e-02,-4.290435434400e-08,1.007231094452e-06,1.007231094452e+02,1.014514477631e-04,6.773463808659e-06,-1.800750794206e+04,4.694204003725e-01,7.064784076084e-01
3.082000000000e-01,1.482000000000e-02,-4.056612068434e-08,1.025162263579e-06,1.025162263579e+02,1.050957666666e-04,7.010993105253e-06,-1.702612127768e+04,4.438375755645e-01,7.033863831473e-01
3.105000000000e-01,1.505000000000e-02,-3.818860793154e-08,1.041391008814e-06,1.041391008814e+02,1.084495233238e-04,7.256570188742e-06,-1.602824867400e+04,4.178249946651e-01,7.007094939669e-01
3.128000000000e-01,1.528000000000e-02,-3.577572204379e-08,1.055943929835e-06,1.055943929835e+02,1.115017582954e-04,7.509514162604e-06,-1.501552951179e+04,3.914253931142e-01,6.984117256964e-01
3.151000000000e-01,1.551000000000e-02,-3.333126585430e-08,1.068881271299e-06,1.068881271299e+02,1.142507172134e-04,7.769129509439e-06,-1.398955988890e+04,3.646803780520e-01,6.964555697481e-01
3.174000000000e-01,1.574000000000e-02,-3.085886819582e-08,1.080290348785e-06,1.080290348785e+02,1.167027237677e-04,8.034725966568e-06,-1.295186287302e+04,3.376296528641e-01,6.948032654048e-01
3.197000000000e-01,1.597000000000e-02,-2.836193024989e-08,1.090277566620e-06,1.090277566620e+02,1.188705172274e-04,8.305635193712e-06,-1.190386598367e+04,3.103104301837e-01,6.934179395692e-01
3.220000000000e-01,1.620000000000e-02,-2.584359138937e-08,1.098959883480e-06,1.098959883480e+02,1.207712825499e-04,8.581223263456e-06,-1.084688685591e+04,2.827570581716e-01,6.922645982679e-01
3.243000000000e-01,1.643000000000e-02,-2.330671478588e-08,1.106456560156e-06,1.106456560156e+02,1.224246119513e-04,8.860898542132e-06,-9.782127199606e+03,2.550008630461e-01,6.913109322407e-01
3.266000000000e-01,1.666000000000e-02,-2.075389121265e-08,1.112881915290e-06,1.112881915290e+02,1.238506157379e-04,9.144115053975e-06,-8.710674395514e+03,2.270701906901e-01,6.905279110806e-01
3.289000000000e-01,1.689000000000e-02,-1.818745797555e-08,1.118339634788e-06,1.118339634788e+02,1.250683538737e-04,9.430371869028e-06,-7.633509440896e+03,1.989906137775e-01,6.898901554630e-01
3.312000000000e-01,1.712000000000e-02,-1.560952889262e-08,1.122918952297e-06,1.122918952297e+02,1.260946973428e-04,9.719209377927e-06,-6.551519532306e+03,1.707852597816e-01,6.893760936544e-01
3.335000000000e-01,1.735000000000e-02,-1.302203079498e-08,1.126692769820e-06,1.126692769820e+02,1.269436597565e-04,1.001020348859e-05,-5.465513385475e+03,1.424752103348e-01,6.889679250630e-01
3.358000000000e-01,1.758000000000e-02,-1.042674215145e-08,1.129717549106e-06,1.129717549106e+02,1.276261740759e-04,1.030295879750e-05,-4.376237446591e+03,1.140799238248e-01,6.886514283392e-01
3.381000000000e-01,1.781000000000e-02,-7.825330069089e-09,1.132034603900e-06,1.132034603900e+02,1.281502344428e-04,1.059710166730e-05,-3.284391421871e+03,8.561764021960e-02,6.884156628279e-01
3.404000000000e-01,1.804000000000e-02,-5.219382973509e-09,1.133672283297e-06,1.133672283297e+02,1.285212845917e-04,1.089227391418e-05,-2.190641993923e+03,5.710573862685e-02,6.882526187055e-01
3.427000000000e-01,1.827000000000e-02,-2.610437565921e-09,1.134648472502e-06,1.134648472502e+02,1.287427156151e-04,1.118812751442e-05,-1.095634135959e+03,2.856103223270e-02,6.881568720849e-01
3.450000000000e-01,1.850000000000e-02,1.522091988703e-23,1.134972854748e-06,1.134972854748e+02,1.288163381016e-04,1.148432042620e-05,6.388415347158e-12,-1.665334536938e-16,6.881252965168e-01
3.473000000000e-01,1.873000000000e-02,2.610437565921e-09,1.134648472502e-06,1.134648472502e+02,1.287427156151e-04,1.178051333797e-05,1.095634135959e+03,-2.856103223270e-02,6.881568720849e-01
3.496000000000e-01,1.896000000000e-02,5.219382973509e-09,1.133672283297e-06,1.133672283297e+02,1.285212845917e-04,1.207636693821e-05,2.190641993923e+03,-5.710573862685e-02,6.882526187055e-01
3.519000000000e-01,1.919000000000e-02,7.825330069089e-09,1.132034603900e-06,1.132034603900e+02,1.281502344428e-04,1.237153918510e-05,3.284391421871e+03,-8.561764021960e-02,6.884156628279e-01
3.542000000000e-01,1.942000000000e-02,1.042674215145e-08,1.129717549106e-06,1.129717549106e+02,1.276261740759e-04,1.266568205490e-05,4.376237446591e+03,-1.140799238248e-01,6.886514283392e-01
3.565000000000e-01,1.965000000000e-02,1.302203079498e-08,1.126692769820e-06,1.126692769820e+02,1.269436597565e-04,1.295843736380e-05,5.465513385475e+03,-1.424752103348e-01,6.889679250630e-01
3.588000000000e-01,1.988000000000e-02,1.560952889262e-08,1.122918952297e-06,1.122918952297e+02,1.260946973428e-04,1.324943147447e-05,6.551519532306e+03,-1.707852597816e-01,6.893760936544e-01
3.611000000000e-01,2.011000000000e-02,1.818745797555e-08,1.118339634788e-06,1.118339634788e+02,1.250683538737e-04,1.353826898337e-05,7.633509440896e+03,-1.989906137775e-01,6.898901554630e-01
3.634000000000e-01,2.034000000000e-02,2.075389121265e-08,1.112881915290e-06,1.112881915290e+02,1.238506157379e-04,1.382452579842e-05,8.710674395514e+03,-2.270701906901e-01,6.905279110806e-01
3.657000000000e-01,2.057000000000e-02,2.330671478588e-08,1.106456560156e-06,1.106456560156e+02,1.224246119513e-04,1.410774231026e-05,9.782127199606e+03,-2.550008630461e-01,6.913109322407e-01
3.680000000000e-01,2.080000000000e-02,2.584359138937e-08,1.098959883480e-06,1.098959883480e+02,1.207712825499e-04,1.438741758894e-05,1.084688685591e+04,-2.827570581716e-01,6.922645982679e-01
3.703000000000e-01,2.103000000000e-02,2.836193024989e-08,1.090277566620e-06,1.090277566620e+02,1.188705172274e-04,1.466300565868e-05,1.190386598367e+04,-3.103104301837e-01,6.934179395692e-01
3.726000000000e-01,2.126000000000e-02,3.085886819582e-08,1.080290348785e-06,1.080290348785e+02,1.167027237677e-04,1.493391488583e-05,1.295186287302e+04,-3.376296528641e-01,6.948032654048e-01
3.749000000000e-01,2.149000000000e-02,3.333126585430e-08,1.068881271299e-06,1.068881271299e+02,1.142507172134e-04,1.519951134295e-05,1.398955988890e+04,-3.646803780520e-01,6.964555697481e-01
3.772000000000e-01,2.172000000000e-02,3.577572204379e-08,1.055943929835e-06,1.055943929835e+02,1.115017582954e-04,1.545912668979e-05,1.501552951179e+04,-3.914253931142e-01,6.984117256964e-01
3.795000000000e-01,2.195000000000e-02,3.818860793154e-08,1.041391008814e-06,1.041391008814e+02,1.084495233238e-04,1.571207066365e-05,1.602824867400e+04,-4.178249946651e-01,7.007094939669e-01
3.818000000000e-01,2.218000000000e-02,4.056612068434e-08,1.025162263579e-06,1.025162263579e+02,1.050957666666e-04,1.595764774714e-05,1.702612127768e+04,-4.438375755645e-01,7.033863831473e-01
3.841000000000e-01,2.241000000000e-02,4.290435434400e-08,1.007231094452e-06,1.007231094452e+02,1.014514477631e-04,1.619517704373e-05,1.800750794206e+04,-4.694204003725e-01,7.064784076084e-01
3.864000000000e-01,2.264000000000e-02,4.519938371882e-08,9.876089286172e-07,9.876089286172e+01,9.753713958844e-05,1.642401391919e-05,1.897076121381e+04,-4.945305232135e-01,7.100187929149e-01
3.887000000000e-01,2.287000000000e-02,4.744735541564e-08,9.663467866477e-07,9.663467866477e+01,9.338261120642e-05,1.664357163260e-05,1.991426377440e+04,-5.191257837665e-01,7.140366782993e-01
3.910000000000e-01,2.310000000000e-02,4.964457893739e-08,9.435336465599e-07,9.435336465599e+01,8.902557421906e-05,1.685334104584e-05,2.083646667486e+04,-5.431658039710e-01,7.185558618867e-01
3.933000000000e-01,2.333000000000e-02,5.178761018981e-08,9.192915070467e-07,9.192915070467e+01,8.450968749283e-05,1.705290659681e-05,2.173592438465e+04,-5.666129016818e-01,7.235936278559e-01
3.956000000000e-01,2.356000000000e-02,5.387331986981e-08,8.937673647581e-07,8.937673647581e+01,7.988201023067e-05,1.724195704919e-05,2.261132349510e+04,-5.894328389123e-01,7.291596867883e-01
3.979000000000e-01,2.379000000000e-02,5.589894006770e-08,8.671226268565e-07,8.671226268565e+01,7.519016500064e-05,1.742029005071e-05,2.346150227902e+04,-6.115953317136e-01,7.352552523467e-01
4.002000000000e-01,2.402000000000e-02,5.786208395335e-08,8.395207486918e-07,8.395207486918e+01,7.047950874840e-05,1.758781017552e-05,2.428545895318e+04,-6.330742655627e-01,7.418722702507e-01
4.025000000000e-01,2.425000000000e-02,5.976073551168e-08,8.111140900045e-07,8.111140900045e+01,6.579060670038e-05,1.774452080829e-05,2.508234737019e+04,-6.538475830571e-01,7.489928101419e-01
4.048000000000e-01,2.448000000000e-02,6.159320876737e-08,7.820311006237e-07,7.820311006237e+01,6.115726423427e-05,1.789051085986e-05,2.585145990457e+04,-6.738968377891e-01,7.565886278217e-01
4.071000000000e-01,2.471000000000e-02,6.335807857455e-08,7.523649656517e-07,7.523649656517e+01,5.660530415400e-05,1.802593781351e-05,2.659219840432e+04,-6.932064371098e-01,7.646209045503e-01
4.094000000000e-01,2.494000000000e-02,6.505408760937e-08,7.221647576201e-07,7.221647576201e+01,5.215219371485e-05,1.815100893606e-05,2.730403515448e+04,-7.117626245255e-01,7.730401712485e-01
4.117000000000e-01,2.517000000000e-02,6.668003645960e-08,6.914299657615e-07,6.914299657615e+01,4.780753975529e-05,1.826596262955e-05,2.798646674637e+04,-7.295522771594e-01,7.817864278153e-01
4.140000000000e-01,2.540000000000e-02,6.823466545187e-08,6.601090158727e-07,6.601090158727e+01,4.357439128365e-05,1.837105185024e-05,2.863896447890e+04,-7.465616128117e-01,7.907894704135e-01
4.163000000000e-01,2.563000000000e-02,6.971653793262e-08,6.281020809035e-07,6.281020809035e+01,3.945122240353e-05,1.846653130598e-05,2.926092537015e+04,-7.627749129266e-01,7.999694414178e-01
4.186000000000e-01,2.586000000000e-02,7.112393502403e-08,5.952681398193e-07,5.952681398193e+01,3.543441582840e-05,1.855264978995e-05,2.985162798504e+04,-7.781733711072e-01,8.092376167648e-01
4.209000000000e-01,2.609000000000e-02,7.245477137579e-08,5.614359000286e-07,5.614359000286e+01,3.152102698409e-05,1.862964854918e-05,3.041019707530e+04,-7.927341713482e-01,8.184974428831e-01
4.232000000000e-01,2.632000000000e-02,7.370654016416e-08,5.264178856050e-07,5.264178856050e+01,2.771157902848e-05,1.869776604610e-05,3.093558049483e+04,-8.064298862656e-01,8.276458297319e-01
4.255000000000e-01,2.655000000000e-02,7.487629364957e-08,4.900267353616e-07,4.900267353616e+01,2.401262013691e-05,1.875724887514e-05,3.142654103953e+04,-8.192282643756e-01,8.365746976255e-01
4.278000000000e-01,2.678000000000e-02,7.596066314682e-08,4.520925718548e-07,4.520925718548e+01,2.043876935263e-05,1.880836797305e-05,3.188166482901e+04,-8.310924485903e-01,8.451727637996e-01
4.301000000000e-01,2.701000000000e-02,7.695591948010e-08,4.124802080886e-07,4.124802080886e+01,1.701399220648e-05,1.885143864884e-05,3.229938668032e+04,-8.419816376618e-01,8.533275407946e-01
4.324000000000e-01,2.724000000000e-02,7.785807210403e-08,3.711049588487e-07,3.711049588487e+01,1.377188904821e-05,1.888684241229e-05,3.267803171038e+04,-8.518521706740e-01,8.609275037461e-01
4.347000000000e-01,2.747000000000e-02,7.866300229081e-08,3.279459162808e-07,3.279459162808e+01,1.075485240052e-05,1.891504816495e-05,3.301587123629e+04,-8.606589842557e-01,8.678643688599e-01
4.370000000000e-01,2.770000000000e-02,7.936662331892e-08,2.830557254039e-07,2.830557254039e+01,8.012054368393e-06,1.893663010774e-05,3.331119000861e+04,-8.683573652191e-01,8.740354120881e-01
4.393000000000e-01,2.793000000000e-02,7.996505862766e-08,2.365661395562e-07,2.365661395562e+01,5.596353838454e-06,1.895227977718e-05,3.356236098507e+04,-8.749048997648e-01,8.793457466694e-01
4.416000000000e-01,2.816000000000e-02,8.045482756088e-08,1.886889285725e-07,1.886889285725e+01,3.560351176583e-06,1.896280998794e-05,3.376792328963e+04,-8.802635057206e-01,8.837104719101e-01
4.439000000000e-01,2.839000000000e-02,8.083302769910e-08,1.397120312947e-07,1.397120312947e+01,1.951945168850e-06,1.896914912874e-05,3.392665873961e+04,-8.844014274542e-01,8.870566042747e-01
4.462000000000e-01,2.862000000000e-02,8.109750290483e-08,8.999116529311e-08,8.999116529311e+00,8.098409830812e-07,1.897232518282e-05,3.403766237643e+04,-8.872950744712e-01,8.893247060302e-01
4.485000000000e-01,2.885000000000e-02,8.124698705945e-08,3.993740764531e-08,3.993740764531e+00,1.594996529427e-07,1.897343992455e-05,3.410040279387e+04,-8.889305940538e-01,8.904701364436e-01
4.508000000000e-01,2.908000000000e-02,8.128121498000e-08,-9.998479240362e-09,-9.998479240362e-01,9.996958711994e-09,1.897363484565e-05,3.411476869124e+04,-8.893050848116e-01,8.904638655086e-01
4.531000000000e-01,2.931000000000e-02,8.120099405494e-08,-5.934400048422e-08,-5.934400048422e+00,3.521710393471e-07,1.897405133885e-05,3.408109893983e+04,-8.884273804541e-01,8.892928095923e-01
4.554000000000e-01,2.954000000000e-02,8.100823257778e-08,-1.076240520903e-07,-1.076240520903e+01,1.158293658834e-06,1.897578837325e-05,3.400019447491e+04,-8.863183597925e-01,8.869596710872e-01
4.577000000000e-01,2.977000000000e-02,8.070592341533e-08,-1.543800524988e-07,-1.543800524988e+01,2.383320060952e-06,1.897986122903e-05,3.387331144107e+04,-8.830107680516e-01,8.834822886903e-01
4.600000000000e-01,3.000000000000e-02,8.029808433628e-08,-1.991879457287e-07,-1.991879457287e+01,3.967583772364e-06,1.898716476844e-05,3.370213614739e+04,-8.785485640003e-01,8.788925296722e-01
4.623000000000e-01,3.023000000000e-02,7.978965886497e-08,-2.416740415794e-07,-2.416740415794e+01,5.840634237334e-06,1.899844421915e-05,3.348874345445e+04,-8.729858351829e-01,8.732347787745e-01
4.646000000000e-01,3.046000000000e-02,7.918638374502e-08,-2.815278282754e-07,-2.815278282754e+01,7.925791809348e-06,1.901427560910e-05,3.323554114713e+04,-8.663853478274e-01,8.665640985545e-01
4.669000000000e-01,3.069000000000e-02,7.849463085491e-08,-3.185111176173e-07,-3.185111176173e+01,1.014493320458e-05,1.903505694287e-05,3.294520358459e+04,-8.588168172295e-01,8.589441516730e-01
4.692000000000e-01,3.092000000000e-02,7.772123260398e-08,-3.524631453515e-07,-3.524631453515e+01,1.242302688311e-05,1.906101009697e-05,3.262059841668e+04,-8.503549973945e-01,8.504449856769e-01
4.715000000000e-01,3.115000000000e-02,7.687330038629e-08,-3.833015307237e-07,-3.833015307237e+01,1.469200634551e-05,1.909219238518e-05,3.226471038672e+04,-8.410776947243e-01,8.411407845520e-01
4.738000000000e-01,3.138000000000e-02,7.595804556265e-08,-4.110192783510e-07,-4.110192783510e+01,1.689368471762e-05,1.912851592990e-05,3.188056619535e+04,-8.310638093664e-01,8.311076884803e-01
4.761000000000e-01,3.161000000000e-02,7.498261170587e-08,-4.356782621349e-07,-4.356782621349e+01,1.898155480969e-05,1.916977245536e-05,3.147116409173e+04,-8.203914997935e-01,8.204217740696e-01
4.784000000000e-01,3.184000000000e-02,7.395392555683e-08,-4.573998461087e-07,-4.573998461087e+01,2.092146192202e-05,1.921566092460e-05,3.103941131787e+04,-8.091365521006e-01,8.091572725804e-01
4.807000000000e-01,3.207000000000e-02,7.287857241377e-08,-4.763534552613e-07,-4.763534552613e+01,2.269126143394e-05,1.926581555646e-05,3.058807180792e+04,-7.973710166282e-01,7.973850845220e-01
4.830000000000e-01,3.230000000000e-02,7.176269966263e-08,-4.927439993822e-07,-4.927439993822e+01,2.427966489271e-05,1.931983212174e-05,3.011972569863e+04,-7.851621524786e-01,7.851716269518e-01
4.853000000000e-01,3.253000000000e-02,7.061195001662e-08,-5.067990693002e-07,-5.067990693002e+01,2.568452966435e-05,1.937729094548e-05,2.963674130913e+04,-7.725716970851e-01,7.725780266170e-01
4.876000000000e-01,3.276000000000e-02,6.943142394384e-08,-5.187567681748e-07,-5.187567681748e+01,2.691085845272e-05,1.943777564181e-05,2.914125937131e+04,-7.596554551277e-01,7.596596495563e-01
4.899000000000e-01,3.299000000000e-02,6.822566888301e-08,-5.288549176277e-07,-5.288549176277e+01,2.796875238990e-05,1.950088719428e-05,2.863518850354e+04,-7.464631805425e-01,7.464659376465e-01
4.922000000000e-01,3.322000000000e-02,6.699869132276e-08,-5.373222021630e-07,-5.373222021630e+01,2.887151489373e-05,1.956625350166e-05,2.812021028049e+04,-7.330387086820e-01,7.330405063411e-01
4.945000000000e-01,3.345000000000e-02,6.575398675306e-08,-5.443716028781e-07,-5.443716028781e+01,2.963404420201e-05,1.963353489462e-05,2.759779180416e+04,-7.194202840166e-01,7.194214466167e-01
4.968000000000e-01,3.368000000000e-02,6.449458194952e-08,-5.501962434094e-07,-5.501962434094e+01,3.027159062618e-05,1.970242637467e-05,2.706920345109e+04,-7.056410227703e-01,7.056417685618e-01
4.991000000000e-01,3.391000000000e-02,6.322308403338e-08,-5.549675490661e-07,-5.549675490661e+01,3.079889805164e-05,1.977265743665e-05,2.653553946353e+04,-6.917294496913e-01,6.917299242217e-01
5.014000000000e-01,3.414000000000e-02,6.194173122381e-08,-5.588354248635e-07,-5.588354248635e+01,3.122970320824e-05,1.984399032810e-05,2.599773925076e+04,-6.777100533367e-01,6.777103528153e-01
5.037000000000e-01,3.437000000000e-02,6.065244107901e-08,-5.619300072999e-07,-5.619300072999e+01,3.157653331041e-05,1.991621750009e-05,2.545660763657e+04,-6.636038138833e-01,6.636040013476e-01
5.060000000000e-01,3.460000000000e-02,5.935685319023e-08,-5.643644509641e-07,-5.643644509641e+01,3.185072335120e-05,1.998915884526e-05,2.491283277843e+04,-6.494286702466e-01,6.494287866374e-01
5.083000000000e-01,3.483000000000e-02,5.805636460457e-08,-5.662381809032e-07,-5.662381809032e+01,3.206256775125e-05,2.006265913002e-05,2.436700103494e+04,-6.351999076444e-01,6.351999793184e-01
5.106000000000e-01,3.506000000000e-02,5.675215755808e-08,-5.676400747414e-07,-5.676400747414e+01,3.222152544524e-05,2.013658583720e-05,2.381960860574e+04,-6.209304610277e-01,6.209305048046e-01
5.129000000000e-01,3.529000000000e-02,5.544522026076e-08,-5.686511276203e-07,-5.686511276203e+01,3.233641049439e-05,2.021082746353e-05,2.327107025524e+04,-6.066311424912e-01,6.066311690107e-01
5.152000000000e-01,3.552000000000e-02,5.413636237103e-08,-5.693462849949e-07,-5.693462849949e+01,3.241551922375e-05,2.028529218271e-05,2.272172580746e+04,-5.923108105803e-01,5.923108265140e-01
5.175000000000e-01,3.575000000000e-02,5.282622734979e-08,-5.697952856430e-07,-5.697952856430e+01,3.246666675409e-05,2.035990669658e-05,2.217184533120e+04,-5.779765054587e-01,5.779765149538e-01
5.198000000000e-01,3.598000000000e-02,5.151530405707e-08,-5.700625200486e-07,-5.700625200486e+01,3.249712767642e-05,2.043461506018e-05,2.162163400729e+04,-5.636335757879e-01,5.636335813998e-01
5.221000000000e-01,3.621000000000e-02,5.020393975756e-08,-5.702060577455e-07,-5.702060577455e+01,3.251349482897e-05,2.050937727606e-05,2.107123758718e+04,-5.492858210222e-01,5.492858243118e-01
5.244000000000e-01,3.644000000000e-02,4.889235619144e-08,-5.702761137116e-07,-5.702761137116e+01,3.252148458700e-05,2.058416750238e-05,2.052074913805e+04,-5.349356672407e-01,5.349356691532e-01
5.267000000000e-01,3.667000000000e-02,4.758066963449e-08,-5.703132953618e-07,-5.703132953618e+01,3.252572548664e-05,2.065897179397e-05,1.997021746235e+04,-5.205843866273e-01,5.205843877301e-01
5.290000000000e-01,3.690000000000e-02,4.626891503277e-08,-5.703469908545e-07,-5.703469908545e+01,3.252956899767e-05,2.073378538263e-05,1.941965722739e+04,-5.062323615301e-01,5.062323621607e-01
5.313000000000e-01,3.713000000000e-02,4.495707347656e-08,-5.703942258102e-07,-5.703942258102e+01,3.253495728376e-05,2.080860958785e-05,1.886906049651e+04,-4.918793850558e-01,4.918793854134e-01
5.336000000000e-01,3.736000000000e-02,4.364510159405e-08,-5.704592353143e-07,-5.704592353143e+01,3.254237391554e-05,2.088344851873e-05,1.831840906602e+04,-4.775249826698e-01,4.775249828710e-01
5.359000000000e-01,3.759000000000e-02,4.233296099411e-08,-5.705338832735e-07,-5.705338832735e+01,3.255089119631e-05,2.095830577361e-05,1.776768682265e+04,-4.631687343312e-01,4.631687344435e-01
5.382000000000e-01,3.782000000000e-02,4.102064573099e-08,-5.705989281344e-07,-5.705989281344e+01,3.255831367881e-05,2.103318135921e-05,1.721689127091e+04,-4.488105749871e-01,4.488105750492e-01
5.405000000000e-01,3.805000000000e-02,3.970820592469e-08,-5.706260011610e-07,-5.706260011610e+01,3.256140332010e-05,2.110806903376e-05,1.666604344679e+04,-4.344510530048e-01,4.344510530389e-01
5.428000000000e-01,3.828000000000e-02,3.839576612565e-08,-5.705800492453e-07,-5.705800492453e+01,3.255615925967e-05,2.118295423073e-05,1.611519562573e+04,-4.200915311020e-01,4.200915311205e-01
5.451000000000e-01,3.851000000000e-02,3.708353769817e-08,-5.704219144529e-07,-5.704219144529e+01,3.253811604881e-05,2.125781264733e-05,1.556443652001e+04,-4.057343218343e-01,4.057343218443e-01
5.474000000000e-01,3.874000000000e-02,3.577182531917e-08,-5.701106885181e-07,-5.701106885181e+01,3.250261971626e-05,2.133260949346e-05,1.501389400647e+04,-3.913827586996e-01,3.913827587049e-01
5.497000000000e-01,3.897000000000e-02,3.446102853098e-08,-5.696054977142e-07,-5.696054977142e+01,3.244504230263e-05,2.140729930479e-05,1.446373577814e+04,-3.770412131263e-01,3.770412131291e-01
5.520000000000e-01,3.920000000000e-02,3.315164002968e-08,-5.688664406907e-07,-5.688664406907e+01,3.236090273441e-05,2.148182614158e-05,1.391416862587e+04,-3.627150757465e-01,3.627150757480e-01
5.543000000000e-01,3.943000000000e-02,3.184424290380e-08,-5.678545112642e-07,-5.678545112642e+01,3.224587459631e-05,2.155612393551e-05,1.336543727943e+04,-3.484107261843e-01,3.484107261851e-01
5.566000000000e-01,3.966000000000e-02,3.053950927787e-08,-5.665304764881e-07,-5.665304764881e+01,3.209567807899e-05,2.163011672109e-05,1.281782383807e+04,-3.341355182146e-01,3.341355182150e-01
5.589000000000e-01,3.989000000000e-02,2.923820271196e-08,-5.648528304405e-07,-5.648528304405e+01,3.190587200567e-05,2.170371850368e-05,1.227164877778e+04,-3.198978060170e-01,3.198978060172e-01
5.612000000000e-01,4.012000000000e-02,2.794118625784e-08,-5.627750870984e-07,-5.627750870984e+01,3.167157986586e-05,2.177683257334e-05,1.172727433245e+04,-3.057070323183e-01,3.057070323184e-01
5.635000000000e-01,4.035000000000e-02,2.664943731131e-08,-5.602427930299e-07,-5.602427930299e+01,3.138719871420e-05,2.184935016870e-05,1.118511072762e+04,-2.915738908940e-01,2.915738908941e-01
5.658000000000e-01,4.058000000000e-02,2.536406940990e-08,-5.571907168842e-07,-5.571907168842e+01,3.104614949819e-05,2.192114851915e-05,1.064562532930e+04,-2.775105650585e-01,2.775105650585e-01
5.681000000000e-01,4.081000000000e-02,2.408636001364e-08,-5.535406969813e-07,-5.535406969813e+01,3.064073032146e-05,2.199208843094e-05,1.010935430384e+04,-2.635310316166e-01,2.635310316166e-01
5.704000000000e-01,4.104000000000e-02,2.281778220379e-08,-5.492005959725e-07,-5.492005959725e+01,3.016212946166e-05,2.206201171969e-05,9.576915922341e+03,-2.496514076831e-01,2.496514076831e-01
5.727000000000e-01,4.127000000000e-02,2.156003727217e-08,-5.440647244588e-07,-5.440647244588e+01,2.960064244004e-05,2.213073890738e-05,9.049024238815e+03,-2.358903072448e-01,2.358903072448e-01
5.750000000000e-01,4.150000000000e-02,2.031508447128e-08,-5.380159619739e-07,-5.380159619739e+01,2.894611753387e-05,2.219806768135e-05,8.526501576669e+03,-2.222691666596e-01,2.222691666596e-01
5.773000000000e-01,4.173000000000e-02,1.908516384709e-08,-5.309296376268e-07,-5.309296376268e+01,2.818862801105e-05,2.226377263872e-05,8.010288111932e+03,-2.088124944718e-01,2.088124944718e-01
5.796000000000e-01,4.196000000000e-02,1.787280813819e-08,-5.226790515567e-07,-5.226790515567e+01,2.731933909362e-05,2.232760680089e-05,7.501446867488e+03,-1.955480016024e-01,1.955480016024e-01
5.819000000000e-01,4.219000000000e-02,1.668084020993e-08,-5.131423415478e-07,-5.131423415478e+01,2.633150626892e-05,2.238930527306e-05,7.001162636128e+03,-1.825065732748e-01,1.825065732748e-01
5.842000000000e-01,4.242000000000e-02,1.551235336707e-08,-5.022102455867e-07,-5.022102455867e+01,2.522151307723e-05,2.244859124531e-05,6.510733717559e+03,-1.697220536151e-01,1.697220536151e-01
5.865000000000e-01,4.265000000000e-02,1.437067308023e-08,-4.897941971734e-07,-4.897941971734e+01,2.398983555847e-05,2.250518429624e-05,6.031555854448e+03,-1.572308268959e-01,1.572308268959e-01
5.888000000000e-01,4.288000000000e-02,1.325930006008e-08,-4.758341278076e-07,-4.758341278076e+01,2.264181171864e-05,2.255881069061e-05,5.565098339985e+03,-1.450711947080e-01,1.450711947080e-01
5.911000000000e-01,4.311000000000e-02,1.218183609231e-08,-4.603053466832e-07,-4.603053466832e+01,2.118810121852e-05,2.260921509049e-05,5.112872889831e+03,-1.332825645126e-01,1.332825645126e-01
5.934000000000e-01,4.334000000000e-02,1.114189546533e-08,-4.432239215088e-07,-4.432239215088e+01,1.964474445977e-05,2.265617286302e-05,4.676396467195e+03,-1.219044805641e-01,1.219044805641e-01
5.957000000000e-01,4.357000000000e-02,1.014300605337e-08,-4.246500908180e-07,-4.246500908180e+01,1.803276996317e-05,2.269950200460e-05,4.257149766151e+03,-1.109755416520e-01,1.109755416520e-01
5.980000000000e-01,4.380000000000e-02,9.188505047571e-09,-4.046893862319e-07,-4.046893862319e+01,1.637734993288e-05,2.273907364248e-05,3.856533448636e+03,-1.005322602846e-01,1.005322602846e-01
6.003000000000e-01,4.403000000000e-02,8.281434876704e-09,-3.834913181584e-07,-3.834913181584e+01,1.470655911029e-05,2.277482013788e-05,3.475824461037e+03,-9.060792394898e-02,9.060792394898e-02
6.026000000000e-01,4.426000000000e-02,7.424444984042e-09,-3.612456634819e-07,-3.612456634819e+01,1.304984293845e-05,2.280674000024e-05,3.116134808685e+03,-8.123152044216e-02,8.123152044216e-02
6.049000000000e-01,4.449000000000e-02,6.619704824687e-09,-3.381765717786e-07,-3.381765717786e+01,1.143633936999e-05,2.283489910989e-05,2.778375039719e+03,-7.242678596764e-02,7.242678596764e-02
6.072000000000e-01,4.472000000000e-02,5.868832753860e-09,-3.145348618170e-07,-3.145348618170e+01,9.893217929822e-06,2.285942810079e-05,2.463224398587e+03,-6.421142709543e-02,6.421142709543e-02
6.095000000000e-01,4.495000000000e-02,5.172844460329e-09,-2.905889999150e-07,-2.905889999150e+01,8.444196687157e-06,2.288051612760e-05,2.171109182894e+03,-5.659655656774e-02,5.659655656774e-02
6.118000000000e-01,4.518000000000e-02,4.532123354251e-09,-2.666153275450e-07,-2.666153275450e+01,7.108373288194e-06,2.289840158307e-05,1.902190314804e+03,-4.958636930957e-02,4.958636930957e-02
6.141000000000e-01,4.541000000000e-02,3.946413953622e-09,-2.428881334698e-07,-2.428881334698e+01,5.899464538044e-06,2.291336059657e-05,1.656360565240e+03,-4.317807006934e-02,4.317807006934e-02
6.164000000000e-01,4.564000000000e-02,3.414837940290e-09,-2.196701464194e-07,-2.196701464194e+01,4.825497322791e-06,2.292569430271e-05,1.433251292808e+03,-3.736204908914e-02,3.736204908914e-02
6.187000000000e-01,4.587000000000e-02,2.935931280093e-09,-1.972039628892e-07,-1.972039628892e+01,3.888940297920e-06,2.293571590597e-05,1.232248023586e+03,-3.212228823950e-02,3.212228823950e-02
6.210000000000e-01,4.610000000000e-02,2.507699711000e-09,-1.757048294336e-07,-1.757048294336e+01,3.087218708628e-06,2.294373848883e-05,1.052513740215e+03,-2.743696812014e-02,2.743696812014e-02
6.233000000000e-01,4.633000000000e-02,2.127689064698e-09,-1.553550805099e-07,-1.553550805099e+01,2.413520104022e-06,2.295006433847e-05,8.930183967713e+02,-2.327923745480e-02,2.327923745480e-02
6.256000000000e-01,4.656000000000e-02,1.793066340655e-09,-1.363004031745e-07,-1.363004031745e+01,1.857779990554e-06,2.295497633357e-05,7.525729465847e+02,-1.961810012979e-02,1.961810012979e-02
6.279000000000e-01,4.679000000000e-02,1.500707210096e-09,-1.186479702379e-07,-1.186479702379e+01,1.407734084157e-06,2.295873167476e-05,6.298660687870e+02,-1.641937258295e-02,1.641937258295e-02
6.302000000000e-01,4.702000000000e-02,1.247285677561e-09,-1.024663640877e-07,-1.024663640877e+01,1.049935576935e-06,2.296155799487e-05,5.235018004140e+02,-1.364666479875e-02,1.364666479875e-02
6.325000000000e-01,4.725000000000e-02,1.029361935292e-09,-8.778711248077e-08,-8.778711248077e+00,7.706577117711e-07,2.296365167715e-05,4.320364100204e+02,-1.126234153109e-02,1.126234153109e-02
6.348000000000e-01,4.748000000000e-02,8.434649601490e-10,-7.460758078285e-08,-7.460758078285e+00,5.566291110270e-07,2.296517805700e-05,3.540130646635e+02,-9.228426003542e-03,9.228426003542e-03
6.371000000000e-01,4.771000000000e-02,6.861670636910e-10,-6.289491527740e-08,-6.289491527740e+00,3.955770367752e-07,2.296627309407e-05,2.879931195311e+02,-7.507415568539e-03,7.507415568539e-03
6.394000000000e-01,4.794000000000e-02,5.541483498730e-10,-5.259070947440e-08,-5.259070947440e+00,2.765782723021e-07,2.296704607267e-05,2.325831716615e+02,-6.062986944809e-03,6.062986944809e-03
6.417000000000e-01,4.817000000000e-02,4.442498001088e-10,-4.361606775975e-08,-4.361606775975e+00,1.902361366823e-07,2.296758290924e-05,1.864573404269e+02,-4.860577025829e-03,4.860577025829e-03
6.440000000000e-01,4.840000000000e-02,3.535144381781e-10,-3.587676438941e-08,-3.587676438941e+00,1.287142223053e-07,2.296794970216e-05,1.483745449724e+02,-3.867833268775e-03,3.867833268775e-03
6.463000000000e-01,4.863000000000e-02,2.792166839175e-10,-2.926823575756e-08,-2.926823575756e+00,8.566296243603e-08,2.296819623592e-05,1.171908243365e+02,-3.054934855897e-03,3.054934855897e-03
6.486000000000e-01,4.886000000000e-02,2.188805536933e-10,-2.368019453430e-08,-2.368019453430e+00,5.607516131823e-08,2.296835923476e-05,9.186697642371e+01,-2.394791827531e-03,2.394791827531e-03
6.509000000000e-01,4.909000000000e-02,1.702877890597e-10,-1.900071020717e-08,-1.900071020717e+00,3.610269883768e-08,2.296846523930e-05,7.147196970597e+01,-1.863134018474e-03,1.863134018474e-03
6.532000000000e-01,4.932000000000e-02,1.314772867404e-10,-1.511965682315e-08,-1.511965682315e+00,2.286040224499e-08,2.296853304687e-05,5.518270397905e+01,-1.438504821369e-03,1.438504821369e-03
6.555000000000e-01,4.955000000000e-02,1.007373676732e-10,-1.193148122411e-08,-1.193148122411e+00,1.423602442013e-08,2.296857570776e-05,4.228076558134e+01,-1.102176601622e-03,1.102176601622e-03
6.578000000000e-01,4.978000000000e-02,7.659247310946e-11,-9.337290764927e-09,-9.337290764927e-01,8.718499882878e-09,2.296860210546e-05,3.214684357587e+01,-8.380051382266e-04,8.380051382266e-04
6.601000000000e-01,5.001000000000e-02,5.778583015457e-11,-7.246296479789e-09,-7.246296479789e-01,5.250881267300e-09,2.296861817025e-05,2.425345425556e+01,-6.322399658907e-04,6.322399658907e-04
6.624000000000e-01,5.024000000000e-02,4.325950930243e-11,-5.576675057806e-09,-5.576675057806e-01,3.109930470035e-09,2.296862778518e-05,1.815657103443e+01,-4.733061827210e-04,4.733061827210e-04
6.647000000000e-01,5.047000000000e-02,3.213312488866e-11,-4.255930861625e-09,-4.255930861625e-01,1.811294749893e-09,2.296863344459e-05,1.348668475456e+01,-3.515714099673e-04,3.515714099673e-04
6.670000000000e-01,5.070000000000e-02,2.368222733896e-11,-3.220848349275e-09,-3.220848349275e-01,1.037386408903e-09,2.296863672058e-05,9.939734635618e+00,-2.591093796689e-04,2.591093796689e-04
6.693000000000e-01,5.093000000000e-02,1.731722248200e-11,-2.417126917435e-09,-2.417126917435e-01,5.842502534990e-10,2.296863858546e-05,7.268260439922e+00,-1.894692889598e-04,1.894692889598e-04
6.716000000000e-01,5.116000000000e-02,1.256344351876e-11,-1.798785933642e-09,-1.798785933642e-01,3.235630835068e-10,2.296863962944e-05,5.273038422386e+00,-1.374577656931e-04,1.374577656931e-04
6.739000000000e-01,5.139000000000e-02,9.042807187243e-12,-1.327419213700e-09,-1.327419213700e-01,1.762041768900e-10,2.296864020417e-05,3.795382187485e+00,-9.893816688843e-05,9.893816688843e-05
6.762000000000e-01,5.162000000000e-02,6.457315135736e-12,-9.713670090128e-10,-9.713670090128e-02,9.435538661985e-11,2.296864051532e-05,2.710218003954e+00,-7.065006577293e-05,7.065006577293e-05
6.785000000000e-01,5.185000000000e-02,4.574518945784e-12,-7.048610950730e-10,-7.048610950730e-02,4.968291633475e-11,2.296864068096e-05,1.919984288467e+00,-5.005022329026e-05,5.005022329026e-05
6.808000000000e-01,5.208000000000e-02,3.214954098400e-12,-5.071859443318e-10,-5.071859443318e-02,2.572375821277e-11,2.296864076768e-05,1.349357480038e+00,-3.517510199431e-05,3.517510199431e-05
6.831000000000e-01,5.231000000000e-02,2.241463601858e-12,-3.618870904543e-10,-3.618870904543e-02,1.309622662374e-11,2.296864081232e-05,9.407710296410e-01,-2.452405490054e-05,2.452405490054e-05
6.854000000000e-01,5.254000000000e-02,1.550273482311e-12,-2.560472344164e-10,-2.560472344164e-02,6.556018625228e-12,2.296864083492e-05,6.506696691260e-01,-1.696168162603e-05,1.696168162603e-05
6.877000000000e-01,5.277000000000e-02,1.063646323542e-12,-1.796417416694e-10,-1.796417416694e-02,3.227115535002e-12,2.296864084617e-05,4.464260076066e-01,-1.163745010702e-05,1.163745010702e-05
6.900000000000e-01,5.300000000000e-02,7.239214706317e-13,-1.477064577873e-10,-1.477064577873e-02,2.181719767207e-12,2.296864085239e-05,3.038391284788e-01,-7.920489931104e-06,7.920489931104e-06
